Type	Dist_threshold	Odds_Ratio	P_Value	adj_p_val
Direct	No filter	1.11997585805983	0.0805641390860279	0.161128278172056
Inverted	No filter	1.11596616459262	0.116694330442049	0.233388660884098
